{"female":87.5347611659,"male":89.0336834287}